﻿<?xml version="1.0" encoding="utf-8"?>
<key id="c2259d13-2661-45f6-9757-036044f309a0" version="1">
  <creationDate>2025-09-08T09:53:19.9890632Z</creationDate>
  <activationDate>2025-09-08T09:53:19.9788922Z</activationDate>
  <expirationDate>2025-12-07T09:53:19.9788922Z</expirationDate>
  <descriptor deserializerType="Microsoft.AspNetCore.DataProtection.AuthenticatedEncryption.ConfigurationModel.AuthenticatedEncryptorDescriptorDeserializer, Microsoft.AspNetCore.DataProtection, Version=8.0.0.0, Culture=neutral, PublicKeyToken=adb9793829ddae60">
    <descriptor>
      <encryption algorithm="AES_256_CBC" />
      <validation algorithm="HMACSHA256" />
      <masterKey p4:requiresEncryption="true" xmlns:p4="http://schemas.asp.net/2015/03/dataProtection">
        <!-- Warning: the key below is in an unencrypted form. -->
        <value>hz0ZgnnLE/PLgHt6BLbap+SKVj/L8RF+hegcTNGBtSMDD3FG6clQZz0F+w/N3NXCzTNGlwgyXjGH95EovbanHQ==</value>
      </masterKey>
    </descriptor>
  </descriptor>
</key>